title	description	url	other
https://en.wikipedia.org/wiki/Attentat_1942?utm_source=chatgpt.com		https://en.wikipedia.org/wiki/Attentat_1942?utm_source=chatgpt.com	rel=noopener; target=_blank; alt=https://en.wikipedia.org/wiki/Attentat_1942?utm_source=chatgpt.com; class=flex h-4.5 overflow-hidden rounded-xl px-2 text-[9px] font-medium text-token-text-secondary! bg-[#F4F4F4]! dark:bg-[#303030]! transition-colors duration-150 ease-in-out; context=A historical, narrative-focused game about a child’s memory of WWII-era Czechoslovakia. It includes Nazi symbols and is allowed on Steam and in Germany under a national exemption for meaningful histor
https://en.wikipedia.org/wiki/Ethnic_Cleansing_%28video_game%29?utm_source=chatgpt.com		https://en.wikipedia.org/wiki/Ethnic_Cleansing_%28video_game%29?utm_source=chatgpt.com	rel=noopener; target=_blank; alt=https://en.wikipedia.org/wiki/Ethnic_Cleansing_%28video_game%29?utm_source=chatgpt.com; class=flex h-4.5 overflow-hidden rounded-xl px-2 text-[9px] font-medium text-token-text-secondary! bg-[#F4F4F4]! dark:bg-[#303030]! transition-colors duration-150 ease-in-out; context=A first-person shooter developed by a known neo-Nazi group (National Alliance) where the player controls a KKK member or neo-Nazi and shoots African Americans, Latinos, and Jews depicted via racist st
https://en.wikipedia.org/wiki/Hatred_%28video_game%29?utm_source=chatgpt.com		https://en.wikipedia.org/wiki/Hatred_%28video_game%29?utm_source=chatgpt.com	rel=noopener; target=_blank; alt=https://en.wikipedia.org/wiki/Hatred_%28video_game%29?utm_source=chatgpt.com; class=flex h-4.5 overflow-hidden rounded-xl px-2 text-[9px] font-medium text-token-text-secondary! bg-[#F4F4F4]! dark:bg-[#303030]! transition-colors duration-150 ease-in-out; context=It deliberately pushes graphic violence as a reaction against “political correctness”—and it remains available on Steam despite its controversial nature. Valve initially rejected it, then apologized a
https://en.wikipedia.org/wiki/Sniper_Elite_V2?utm_source=chatgpt.com		https://en.wikipedia.org/wiki/Sniper_Elite_V2?utm_source=chatgpt.com	rel=noopener; target=_blank; alt=https://en.wikipedia.org/wiki/Sniper_Elite_V2?utm_source=chatgpt.com; class=flex h-4.5 overflow-hidden rounded-xl px-2 text-[9px] font-medium text-token-text-secondary! bg-[#F4F4F4]! dark:bg-[#303030]! transition-colors duration-150 ease-in-out; context=These remain available through Steam via official DLC and expansions.
https://en.wikipedia.org/wiki/Through_the_Darkest_of_Times?utm_source=chatgpt.com		https://en.wikipedia.org/wiki/Through_the_Darkest_of_Times?utm_source=chatgpt.com	rel=noopener; target=_blank; alt=https://en.wikipedia.org/wiki/Through_the_Darkest_of_Times?utm_source=chatgpt.com; class=flex h-4.5 overflow-hidden rounded-xl px-2 text-[9px] font-medium text-token-text-secondary! bg-[#F4F4F4]! dark:bg-[#303030]! transition-colors duration-150 ease-in-out; context=A strategic/stories-driven game where you lead an anti-Nazi resistance group in Berlin under Nazi rule. It includes swastikas and other Nazi references, permitted under German rating laws for the firs
Sora		https://sora.chatgpt.com/?utm_source=chatgpt	rel=noopener noreferrer; target=_blank; class=group __menu-item hoverable; id=sora; context=Codex GPTs
https://www.isdglobal.org/wp-content/uploads/2021/08/02-revised-gaming-report-steam.pdf?utm_source=chatgpt.com		https://www.isdglobal.org/wp-content/uploads/2021/08/02-revised-gaming-report-steam.pdf?utm_source=chatgpt.com	rel=noopener; target=_blank; alt=https://www.isdglobal.org/wp-content/uploads/2021/08/02-revised-gaming-report-steam.pdf?utm_source=chatgpt.com; class=flex h-4.5 overflow-hidden rounded-xl px-2 text-[9px] font-medium text-token-text-secondary! bg-[#F4F4F4]! dark:bg-[#303030]! transition-colors duration-150 ease-in-out; context=Neo-Nazi and white supremacist groups—some dating back years—use forums, livestreams, and group pages to spread ideology. WIRED +1
https://www.reddit.com/r/greedfall/comments/d3aggx/if_you_want_to_stay_sane_dont_check_the_steam/?utm_source=chatgpt.com		https://www.reddit.com/r/greedfall/comments/d3aggx/if_you_want_to_stay_sane_dont_check_the_steam/?utm_source=chatgpt.com	rel=noopener; target=_blank; alt=https://www.reddit.com/r/greedfall/comments/d3aggx/if_you_want_to_stay_sane_dont_check_the_steam/?utm_source=chatgpt.com; class=flex h-4.5 overflow-hidden rounded-xl px-2 text-[9px] font-medium text-token-text-secondary! bg-[#F4F4F4]! dark:bg-[#303030]! transition-colors duration-150 ease-in-out; context=Steam community pages, discussion forums, and user profiles remain polluted by extremist and hateful content—including casual racism, Holocaust denial, swastikas, and white supremacist imagery. WIRED
https://www.thesun.co.uk/tech/31748499/steam-hate-extremist-speech-report/?utm_source=chatgpt.com		https://www.thesun.co.uk/tech/31748499/steam-hate-extremist-speech-report/?utm_source=chatgpt.com	rel=noopener; target=_blank; alt=https://www.thesun.co.uk/tech/31748499/steam-hate-extremist-speech-report/?utm_source=chatgpt.com; class=flex h-4.5 overflow-hidden rounded-xl px-2 text-[9px] font-medium text-token-text-secondary! bg-[#F4F4F4]! dark:bg-[#303030]! transition-colors duration-150 ease-in-out; context=The Anti-Defamation League found nearly 2 million instances of hate speech, Nazi symbology, and antisemitic messaging across Steam profiles and comments. WIRED
https://www.thetimes.co.uk/article/minecraft-game-far-right-children-lg2zjw2vf?utm_source=chatgpt.com		https://www.thetimes.co.uk/article/minecraft-game-far-right-children-lg2zjw2vf?utm_source=chatgpt.com	rel=noopener; target=_blank; alt=https://www.thetimes.co.uk/article/minecraft-game-far-right-children-lg2zjw2vf?utm_source=chatgpt.com; class=flex h-4.5 overflow-hidden rounded-xl px-2 text-[9px] font-medium text-token-text-secondary! bg-[#F4F4F4]! dark:bg-[#303030]! transition-colors duration-150 ease-in-out; context=Beyond Steam, platforms like Minecraft have been exploited by extremist groups who build concentration camp recreations, Hitler avatars, and use in-game chat to radicalize young players.
https://www.theverge.com/2024/11/15/24297364/steam-extremist-content-moderation-us-senator-warner-letter?utm_source=chatgpt.com		https://www.theverge.com/2024/11/15/24297364/steam-extremist-content-moderation-us-senator-warner-letter?utm_source=chatgpt.com	rel=noopener; target=_blank; alt=https://www.theverge.com/2024/11/15/24297364/steam-extremist-content-moderation-us-senator-warner-letter?utm_source=chatgpt.com; class=flex h-4.5 overflow-hidden rounded-xl px-2 text-[9px] font-medium text-token-text-secondary! bg-[#F4F4F4]! dark:bg-[#303030]! transition-colors duration-150 ease-in-out; context=Senator Mark Warner highlighted ~40,000 Steam groups promoting antisemitic, Nazi, or white supremacist content in a letter to Valve.
https://www.wired.com/story/far-right-took-over-steam-discord?utm_source=chatgpt.com		https://www.wired.com/story/far-right-took-over-steam-discord?utm_source=chatgpt.com	rel=noopener; target=_blank; alt=https://www.wired.com/story/far-right-took-over-steam-discord?utm_source=chatgpt.com; class=flex h-4.5 overflow-hidden rounded-xl px-2 text-[9px] font-medium text-token-text-secondary! bg-[#F4F4F4]! dark:bg-[#303030]! transition-colors duration-150 ease-in-out; context=Neo-Nazi and white supremacist groups—some dating back years—use forums, livestreams, and group pages to spread ideology. ISD
https://www.wired.com/story/valve-steam-adl-white-supremacy-extremism?utm_source=chatgpt.com		https://www.wired.com/story/valve-steam-adl-white-supremacy-extremism?utm_source=chatgpt.com	rel=noopener; target=_blank; alt=https://www.wired.com/story/valve-steam-adl-white-supremacy-extremism?utm_source=chatgpt.com; class=flex h-4.5 overflow-hidden rounded-xl px-2 text-[9px] font-medium text-token-text-secondary! bg-[#F4F4F4]! dark:bg-[#303030]! transition-colors duration-150 ease-in-out; context=The Anti-Defamation League found nearly 2 million instances of hate speech, Nazi symbology, and antisemitic messaging across Steam profiles and comments. The Sun